Url,Command,Arguments
http://opensees.berkeley.edu/wiki/index.php/Twenty_Eight_Node_Brick_u-p_Element,20_8_BrickUP,element 20_8_BrickUP $eleTag  $Node1  … $Node20 $matTag  $bulk  $fmass  $PermX  $PermY $PermZ <$bX=0  $bY=0 $bZ=0>
http://opensees.berkeley.edu/wiki/index.php/Nine_Four_Node_Quad_u-p_Element,9_4_QuadUP,element 9_4_QuadUP $eleTag  $Node1  $Node2  $Node3  $Node4 $Node5  $Node6  $Node7  $Node8 $Node9 $thick $matTag  $bulk  $fmass  $hPerm  $vPerm  <$b1=0  $b2=0>
http://opensees.berkeley.edu/wiki/index.php/AC3D8,AC3D8,element AC3D8 $eleTag $node1 $node2 $node3 $node4 $node5 $node6 $node7 $node8 $matTag
http://opensees.berkeley.edu/wiki/index.php/AcousticMedium,AcousticMedium,nDMaterial AcousticMedium $matTag $K $rho 
http://opensees.berkeley.edu/wiki/index.php/Section_Aggregator,Aggregator,section Aggregator $secTag $matTag1 $dof1 $matTag2 $dof2 ....... <-section $sectionTag>
http://opensees.berkeley.edu/wiki/index.php/AMD_Numberer,AMD,numberer AMD
http://opensees.berkeley.edu/wiki/index.php/Arc-Length_Control,ArcLength,integrator ArcLength $s $alpha
http://opensees.berkeley.edu/wiki/index.php/ASI3D8,ASI3D8,element ASI3D8 $eleTag $node1 $node2 $node3 $node4 $node5 $node6 $node7 $node8
http://opensees.berkeley.edu/wiki/index.php/AV3D4,AV3D4,element AV3D4 $eleTag $node1 $node2 $node3 $node4 $matTag
http://opensees.berkeley.edu/wiki/index.php/Axial_LimitCurve,Axial,limitCurve Axial $curveTag $eleTag $Fsw $Kdeg $Fres $defType $forType <$ndI $ndJ $dof $perpDirn $delta>
http://opensees.berkeley.edu/wiki/index.php/AxialSp_Material,AxialSp,uniaxialMaterial AxialSp $matTag $sce $fty $fcy <$bte $bty $bcy $fcr> 
http://opensees.berkeley.edu/wiki/index.php/AxialSpHD_Material,AxialSpHD,uniaxialMaterial AxialSpHD $matTag $sce $fty $fcy <$bte $bty $bth $bcy $fcr $ath> 
http://opensees.berkeley.edu/wiki/index.php/BandGeneral_SOE,BandGeneral,system BandGeneral
http://opensees.berkeley.edu/wiki/index.php/BandSPD_SOE,BandSPD,system BandSPD
http://opensees.berkeley.edu/wiki/index.php/BARSLIP_Material,BarSlip,uniaxialMaterial BarSlip $matTag $fc $fy $Es $fu $Eh $db $ld $nb $depth $height <$ancLratio> $bsFlag $type <$damage $unit>
http://opensees.berkeley.edu/wiki/index.php/Model_command,BasicBuilder,model BasicBuilder -ndm $ndm <-ndf $ndf>
http://opensees.berkeley.edu/wiki/index.php/Database_command,BasicBuilder,model BasicBuilder -ndm $ndm <-ndf $ndf>
http://opensees.berkeley.edu/wiki/index.php/Bbar_Brick_Element,bbarBrick,element bbarBrick $eleTag $node1 $node2 $node3 $node4 $node5 $node6 $node7 $node8 $matTag <$b1 $b2 $b3>
http://opensees.berkeley.edu/wiki/index.php/BbarBrick_u-p_Element,bbarBrickUP,element bbarBrickUP $eleTag  $Node1  $Node2  $Node3  $Node4 $Node5  $Node6  $Node7  $Node8 $matTag  $bulk  $fmass  $PermX  $PermY $PermZ <$bX=0  $bY=0 $bZ=0>
http://opensees.berkeley.edu/wiki/index.php/Bbar_Plane_Strain_Quadrilateral_Element,bbarQuad,element bbarQuad $eleTag $iNode $jNode $kNode $lNode $thick $matTag
http://opensees.berkeley.edu/wiki/index.php/BbarQuad_u-p_Element,bbarQuadUP,element bbarQuadUP $eleTag  $iNode  $jNode  $kNode  $lNode $thick  $matTag  $bulk  $fmass  $hPerm  $vPerm  <$b1=0  $b2=0  $t=0>
http://opensees.berkeley.edu/wiki/index.php/BeamColumnJoint_Element,beamColumnJoint,element beamColumnJoint $eleTag $Nd1 $Nd2 $Nd3 $Nd4 $Mat1 $Mat2 $Mat3 $Mat4 $Mat5 $Mat6 $Mat7 $Mat8 $Mat9 $Mat10 $Mat11 $Mat12 $Mat13 <$eleHeightFac $eleWidthFac>
http://opensees.berkeley.edu/wiki/index.php/BeamContact2D,BeamContact2D,element BeamContact2D $eleTag $iNode $jNode $sNode $lNode $matTag $width $gTol $fTol <$cFlag$>
http://opensees.berkeley.edu/wiki/index.php/BeamContact3D,BeamContact3D,element BeamContact3D $eleTag $iNode $jNode $sNode $lNode $radius $crdTransf $matTag $gTol $fTol <$cFlag$>
http://opensees.berkeley.edu/wiki/index.php/BeamEndContact3D,BeamEndContact3D,element BeamEndContact3D $eleTag $iNode $jNode $sNode $lNode $radius $gTol $fTol <$cFlag$>
http://opensees.berkeley.edu/wiki/index.php/Beam_With_Hinges_Element,beamWithHinges,element beamWithHinges $eleTag $iNode $jNode $secTagI $Lpi $secTagJ $Lpj $E $A $Iz $transfTag <-mass $massDens> <-iter $maxIters $tol>
http://opensees.berkeley.edu/wiki/index.php/Beam_With_Hinges_Element,beamWithHinges,element beamWithHinges $eleTag $iNode $jNode $secTagI $Lpi $secTagJ $Lpj $E $A $Iz $Iy $G $J $transfTag <-mass $massDens> <-iter $maxIters $tol>
http://opensees.berkeley.edu/wiki/index.php/BFGS_Algorithm,BFGS,algorithm BFGS
http://opensees.berkeley.edu/wiki/index.php/Bidirectional_Section,Bidirectional,section Bidirectional $secTag $E $Fy $Hiso $Hkin <$code1 $code2>
http://opensees.berkeley.edu/wiki/index.php/Bilin_Material,Bilin,uniaxialMaterial Bilin  $matTag  $K0  $as_Plus  $as_Neg  $My_Plus  $My_Neg  $Lamda_S  $Lamda_C  $Lamda_A  $Lamda_K  $c_S  $c_C  $c_A  $c_K  $theta_p_Plus  $theta_p_Neg  $theta_pc_Plus  $theta_pc_Neg  $Res_Pos  $Res_Neg  $theta_u_Plus  $theta_u_Neg  $D_Plus  $D_Neg <$nFactor>
http://opensees.berkeley.edu/wiki/index.php/Modified_Ibarra-Medina-Krawinkler_Deterioration_Model_with_Bilinear_Hysteretic_Response_(Bilin_Material),Bilin,uniaxialMaterial Bilin  $matTag  $K0  $as_Plus  $as_Neg  $My_Plus  $My_Neg  $Lamda_S  $Lamda_C  $Lamda_A  $Lamda_K  $c_S  $c_C  $c_A  $c_K  $theta_p_Plus  $theta_p_Neg  $theta_pc_Plus  $theta_pc_Neg  $Res_Pos  $Res_Neg  $theta_u_Plus  $theta_u_Neg  $D_Plus  $D_Neg <$nFactor>
http://opensees.berkeley.edu/wiki/index.php/BilinearOilDamper_Material,BilinearOilDamper,uniaxialMaterial BilinearOilDamper  $matTag  $K $Cd <$Fr $p> <$LGap> < $NM $RelTol $AbsTol $MaxHalf> 
http://opensees.berkeley.edu/wiki/index.php/Bond_SP01_-_-_Strain_Penetration_Model_for_Fully_Anchored_Steel_Reinforcing_Bars,Bond_SP01,uniaxialMaterial Bond_SP01 $matTag $Fy $Sy $Fu $Su $b $R
http://opensees.berkeley.edu/wiki/index.php/BoucWen_Material,BoucWen,uniaxialMaterial BoucWen $matTag $alpha $ko $n $gamma $beta $Ao $deltaA $deltaNu $deltaEta 
http://opensees.berkeley.edu/wiki/index.php/Bounding_Cam_Clay,BoundingCamClay,nDMaterial BoundingCamClay $matTag $massDensity $C $bulkMod $OCR $mu_o $alpha $lambda $h $m
http://opensees.berkeley.edu/OpenSees/manuals/usermanual/734.htm,Brick20N,element Brick20N $eletag $node1 $node2 $node3 $node4 $node5 $node6 $node7 $node8 $node9 $node10 $node11 $node12 $node13 $node14 $node15 $node16 $node17 $node18 $node19 $node20 $matTag $bf1 $bf2 $bf3 $massDen
http://opensees.berkeley.edu/wiki/index.php/Brick_u-p_Element,brickUP,element brickUP $eleTag  $Node1  $Node2  $Node3  $Node4 $Node5  $Node6  $Node7  $Node8 $matTag  $bulk  $fmass  $PermX  $PermY $PermZ <$bX=0  $bY=0 $bZ=0>
http://opensees.berkeley.edu/wiki/index.php/Broyden_Algorithm,Broyden,algorithm Broyden <$count>
http://opensees.berkeley.edu/wiki/index.php/BWBN_Material,BWBN,uniaxialMaterial BWBN $matTag $alpha $ko $n $gamma $beta $Ao $q $zetas $p $Shi $deltaShi $lambda $tol $maxIter 
http://opensees.berkeley.edu/wiki/index.php/CastFuse_Material,Cast,uniaxialMaterial Cast  $matTag  $n $bo $h $fy $E $L $b $Ro $cR1 $cR2 <$a1 $a2 $a3 $a4>
http://opensees.berkeley.edu/wiki/index.php/CatenaryCableElement,CatenaryCable,element CatenaryCable $tag $iNode $jNode $weight $E $A $L0 $alpha $temperature_change $rho $errorTol $Nsubsteps $massType
http://opensees.berkeley.edu/wiki/index.php/Central_Difference,CentralDifference,integrator CentralDifference
http://opensees.berkeley.edu/wiki/index.php/CFSSSWP,CFSSSWP,uniaxialMaterial CFSSSWP $tag $height $width $fuf $fyf $tf $Af $fus $fys $ts $np $ds $Vs $sc $dt $openingArea $openingLength
http://opensees.berkeley.edu/wiki/index.php/CFSWSWP,CFSWSWP,uniaxialMaterial CFSWSWP $tag $height $width $fut $tf $Ife $Ifi $ts $np $ds $Vs $sc $nc $type $openingArea $openingLength
http://opensees.berkeley.edu/wiki/index.php/Patch_Command,circ,patch circ $matTag $numSubdivCirc $numSubdivRad $yCenter $zCenter $intRad $extRad $startAng $endAng
http://opensees.berkeley.edu/wiki/index.php/Layer_Command,circ,layer circ $matTag $numFiber $areaFiber $yCenter $zCenter $radius <$startAng $endAng>
http://opensees.berkeley.edu/wiki/index.php/Concrete01_Material_--_Zero_Tensile_Strength,Concrete01,uniaxialMaterial Concrete01 $matTag $fpc $epsc0 $fpcu $epsU
http://opensees.berkeley.edu/wiki/index.php/Concrete01_Material_With_Stuff_in_the_Cracks,Concrete01WithSITC,uniaxialMaterial Concrete01WithSITC $matTag $fpc $epsc0 $fpcu $epsU <$endStrainSITC>
http://opensees.berkeley.edu/wiki/index.php/Concrete02_Material_--_Linear_Tension_Softening,Concrete02,uniaxialMaterial Concrete02 $matTag $fpc $epsc0 $fpcu $epsU $lambda $ft $Ets
http://opensees.berkeley.edu/wiki/index.php/Concrete04_Material_--_Popovics_Concrete_Material,Concrete04,uniaxialMaterial Concrete04 $matTag $fc $ec $ecu $Ec <$fct $et> <$beta>
http://opensees.berkeley.edu/wiki/index.php/Concrete06_Material,Concrete06,uniaxialMaterial Concrete06 $matTag $fc $e0 $n $k $alpha1 $fcr $ecr $b $alpha2
http://opensees.berkeley.edu/wiki/index.php/Concrete07_%E2%80%93_Chang_%26_Mander%E2%80%99s_1994_Concrete_Model,Concrete07,uniaxialMaterial Concrete07 $matTag $fc $ec $Ec $ft $et $xp $xn $r
http://opensees.berkeley.edu/wiki/index.php/User_talk:Kkolozvari,ConcreteCM,uniaxialMaterial ConcreteCM $mattag  $fpcc  $epcc $Ec $rc $xcrn  $ft  $et  $rt  $xcrp <-GapClose $gap>
http://opensees.berkeley.edu/wiki/index.php/ConcreteCM_-_Complete_Concrete_Model_by_Chang_and_Mander_(1994),ConcreteCM,uniaxialMaterial ConcreteCM $mattag  $fpcc  $epcc $Ec $rc $xcrn  $ft  $et  $rt  $xcrp <-GapClose $gap>
http://opensees.berkeley.edu/wiki/index.php/ConcreteD,ConcreteD,uniaxialMaterial ConcreteD $matTag $fc $epsc $ft $epst $Ec $alphac $alphat <$cesp> <$etap>
http://opensees.berkeley.edu/wiki/index.php/Plane_Stress_Concrete_Materials,ConcreteL01,uniaxialMaterial ConcreteL01 tag? fpc? epsc0?
http://opensees.berkeley.edu/wiki/index.php/Plane_Stress_Concrete_Materials,ConcreteZ01,uniaxialMaterial ConcreteZ01 tag? fpc? epsc0?
http://opensees.berkeley.edu/wiki/index.php/ConfinedConcrete01_Material,ConfinedConcrete01,uniaxialMaterial ConfinedConcrete01 $tag $secType $fpc $Ec (<-epscu $epscu>  OR <-gamma $gamma>)  (<-nu $nu> OR <-varub> OR <-varnoub>) $L1 ($L2) ($L3) $phis $S $fyh $Es0 $haRatio $mu $phiLon <-internal $phisi $Si $fyhi $Es0i $haRatioi $mui> <-wrap $cover $Am $Sw $fuil $Es0w> <-gravel> <-silica> <-tol $tol> <-maxNumIter $maxNumIter> <-epscuLimit $epscuLimit> <-stRatio $stRatio>
http://opensees.berkeley.edu/wiki/index.php/Constant_TimeSeries,Constant,timeSeries Constant $tag <-factor $cFactor>
http://opensees.berkeley.edu/wiki/index.php/ContactMaterial2D,ContactMaterial2D,nDMaterial ContactMaterial2D $matTag $mu $G $c $t 
http://opensees.berkeley.edu/wiki/index.php/ContactMaterial3D,ContactMaterial3D,nDMaterial ContactMaterial3D $matTag $mu $G $c $t 
http://opensees.berkeley.edu/wiki/index.php/Corotational_Transformation,Corotational,geomTransf Corotational $transfTag <-jntOffset $dXi $dYi $dXj $dYj>
http://opensees.berkeley.edu/wiki/index.php/Corotational_Transformation,Corotational,geomTransf Corotational $transfTag $vecxzX $vecxzY $vecxzZ 
http://opensees.berkeley.edu/wiki/index.php/Corotational_Truss_Element,corotTruss,element corotTruss $eleTag $iNode $jNode $A $matTag <-rho $rho> <-cMass $cFlag> <-doRayleigh $rFlag>
http://opensees.berkeley.edu/wiki/index.php/Corotational_Truss_Element,corotTrussSection,element corotTrussSection $eleTag $iNode $jNode $secTag <-rho $rho> <-cMass $cFlag> <-doRayleigh $rFlag>
http://opensees.berkeley.edu/wiki/index.php/Coulomb_Friction,Coulomb,frictionModel Coulomb $frnTag $mu
http://opensees.berkeley.edu/wiki/index.php/CoupledZeroLength_Element,CoupledZeroLength,element CoupledZeroLength $eleTag $iNode $jNode  $dirn1 $dirn2 $matTag <$rFlag>
http://opensees.berkeley.edu/wiki/index.php/Cusp,CuSP,system CuSP -rTol $RTOL -mInt $MINT -pre $PRE -solver $SOLVER
http://opensees.berkeley.edu/wiki/index.php/CycLiqCP_Material_(Cyclic_ElasticPlasticity),CycLiqCP,nDmaterial CycLiqCP $matTag $G0 $kappa $h $Mfc $dre1 $Mdc $dre2 $rdr $alpha $dir $ein <$rho>
http://opensees.berkeley.edu/wiki/index.php/CycLiqCPSP_Material,CycLiqCPSP,nDmaterial CycLiqCPSP $matTag $G0 $kappa $h $M $dre1 $dre2 $rdr $alpha $dir $lambdac $ksi $e0 $np $nd $ein <$rho>
http://opensees.berkeley.edu/wiki/index.php/Damage2p,Damage2p,nDMaterial Damage2p $matTag $fcc <-fct $fct> <-E $E> <-ni $ni> <-Gt $Gt> <-Gc $Gc> <-rho_bar $rho_bar> <-H $H> <-theta $theta> <-tangent $tangent>
http://opensees.berkeley.edu/wiki/index.php/Displacement-Based_Beam-Column_Element,dispBeamColumn,element dispBeamColumn $eleTag $iNode $jNode $numIntgrPts $secTag $transfTag <-mass $massDens> <-cMass> <-integration $intType>
http://opensees.berkeley.edu/wiki/index.php/Displacement-Based_Beam-Column_Element,dispBeamColumn,element dispBeamColumn $eleTag $iNode $jNode $numIntgrPts -sections $secTag1 $secTag2 ... $transfTag <-mass $massDens> <-cMass> <-integration $intType>
http://opensees.berkeley.edu/wiki/index.php/Flexure-Shear_Interaction_Displacement-Based_Beam-Column_Element,dispBeamColumnInt,element dispBeamColumnInt $eleTag $iNode $jNode $numIntgrPts $secTag $transfTag $cRot <-mass $massDens>
http://opensees.berkeley.edu/wiki/index.php/Displacement_Control,DisplacementControl,integrator DisplacementControl $node $dof $incr <$numIter $
http://opensees.berkeley.edu/wiki/index.php/DoddRestrepo,Dodd_Restrepo,uniaxialMaterial Dodd_Restrepo $tag $Fy $Fsu $ESH $ESU $Youngs $ESHI $FSHI <$OmegaFac>
http://opensees.berkeley.edu/wiki/index.php/Drift_Recorder,Drift,recorder Drift <-file $fileName> <-xml $fileName> <-binary $fileName> <-tcp $inetAddress $port> <-precision $nSD> <-time> -iNode $inode1 $inode2 ... -jNode $jnode1 $jnode2 ... -dof $dof1 $dof2 ... -perpDirn $perpDirn1 $perpDirn2 ...
http://opensees.berkeley.edu/wiki/index.php/Drucker_Prager,DruckerPrager,nDMaterial DruckerPrager $matTag $k $G $sigmaY $rho $rhoBar $Kinf $Ko $delta1 $delta2 $H $theta $density <$atmPressure>
http://opensees.berkeley.edu/wiki/index.php/Engineered_Cementitious_Composites_Material,ECC01,uniaxialMaterial ECC01 $matTag $sigt0 $epst0 $sigt1 $epst1 $epst2 $sigc0 $epsc0 $epsc1 $alphaT1 $alphaT2 $alphaC $alphaCU $betaT $betaC
http://opensees.berkeley.edu/wiki/index.php/Elastic_Uniaxial_Material,Elastic,uniaxialMaterial Elastic $matTag $E <$eta> <$Eneg>
http://opensees.berkeley.edu/wiki/index.php/Elastic_Beam_Column_Element,elasticBeamColumn,element elasticBeamColumn $eleTag $iNode $jNode $A $E $Iz $transfTag <-mass $massDens> <-cMass>
http://opensees.berkeley.edu/wiki/index.php/Elastic_Beam_Column_Element,elasticBeamColumn,element elasticBeamColumn $eleTag $iNode $jNode $A $E $G $J $Iy $Iz $transfTag <-mass $massDens> <-cMass>
http://opensees.berkeley.edu/wiki/index.php/ElasticBilin_Material,ElasticBilin,uniaxialMaterial ElasticBilin $matTag $EP1 $EP2 $epsP2 <$EN1 $EN2 $epsN2>
http://opensees.berkeley.edu/wiki/index.php/Elastic_Isotropic_Material,ElasticIsotropic,nDMaterial ElasticIsotropic $matTag $E $v <$rho>
http://opensees.berkeley.edu/wiki/index.php/Elastic_Membrane_Plate_Section,ElasticMembranePlateSection,section ElasticMembranePlateSection $secTag $E $nu $h $rho
http://opensees.berkeley.edu/wiki/index.php/ElasticMultiLinear_Material,ElasticMultiLinear,uniaxialMaterial ElasticMultiLinear $matTag <$eta> -strain $strainPoints -stress $stressPoints
http://opensees.berkeley.edu/wiki/index.php/Elastic_Orthotropic_Material,ElasticOrthotropic,nDMaterial ElasticOrthotropic $matTag $Ex $Ey $Ez $vxy $vyz $vzx $Gxy $Gyz $Gzx <$rho>
http://opensees.berkeley.edu/wiki/index.php/Elastic-Perfectly_Plastic_Material,ElasticPP,uniaxialMaterial ElasticPP $matTag $E $epsyP <$epsyN $eps0>
http://opensees.berkeley.edu/wiki/index.php/Elastic-Perfectly_Plastic_Gap_Material,ElasticPPGap,uniaxialMaterial ElasticPPGap $matTag $E $Fy $gap <$eta> <damage>
http://opensees.berkeley.edu/wiki/index.php/Elastic_Timoshenko_Beam_Column_Element,ElasticTimoshenkoBeam,element ElasticTimoshenkoBeam $eleTag $iNode $jNode $E $G $A $Iz $Avy $transfTag <-mass $massDens> <-cMass>
http://opensees.berkeley.edu/wiki/index.php/Elastic_Timoshenko_Beam_Column_Element,ElasticTimoshenkoBeam,element ElasticTimoshenkoBeam $eleTag $iNode $jNode $E $G $A $Jx $Iy $Iz $Avy $Avz $transfTag <-mass $massDens> <-cMass>
http://opensees.berkeley.edu/wiki/index.php/ElasticTubularJoint_Element,ElasticTubularJoint,element  ElasticTubularJoint  $Tag  $iNode  $jNode  $Brace_Diameter  $Brace_Angle  $E  $Chord_Diameter  $Chord_Thickness  $Chord_Angle
http://opensees.berkeley.edu/wiki/index.php/Elastomeric_Bearing_(Bouc-Wen)_Element,elastomericBearingBoucWen,element elastomericBearingBoucWen $eleTag $iNode $jNode $kInit $qd $alpha1 $alpha2 $mu $eta $beta $gamma -P $matTag -Mz $matTag <-orient $x1 $x2 $x3 $y1 $y2 $y3> <-shearDist $sDratio> <-doRayleigh> <-mass $m>
http://opensees.berkeley.edu/wiki/index.php/Elastomeric_Bearing_(Bouc-Wen)_Element,elastomericBearingBoucWen,element elastomericBearingBoucWen $eleTag $iNode $jNode $kInit $qd $alpha1 $alpha2 $mu $eta $beat $gamma -P $matTag -T $matTag -My $matTag -Mz $matTag <-orient <$x1 $x2 $x3> $y1 $y2 $y3> <-shearDist $sDratio> <-doRayleigh> <-mass $m>
http://opensees.berkeley.edu/wiki/index.php/Elastomeric_Bearing_(Plasticity)_Element,elastomericBearingPlasticity,element elastomericBearingPlasticity $eleTag $iNode $jNode $kInit $qd $alpha1 $alpha2 $mu -P $matTag -Mz $matTag <-orient $x1 $x2 $x3 $y1 $y2 $y3> <-shearDist $sDratio> <-doRayleigh> <-mass $m>
http://opensees.berkeley.edu/wiki/index.php/Elastomeric_Bearing_(Plasticity)_Element,elastomericBearingPlasticity,element elastomericBearingPlasticity $eleTag $iNode $jNode $kInit $qd $alpha1 $alpha2 $mu -P $matTag -T $matTag -My $matTag -Mz $matTag <-orient <$x1 $x2 $x3> $y1 $y2 $y3> <-shearDist $sDratio> <-doRayleigh> <-mass $m>
http://opensees.berkeley.edu/wiki/index.php/ElastomericX,ElastomericX,element ElastomericX $eleTag $Nd1 $Nd2 $Fy $alpha $Gr $Kbulk $D1 $D2 $ts $tr $n <<$x1 $x2 $x3> $y1 $y2 $y3> <$kc> <$PhiM> <$ac> <$sDratio> <$m> <$cd> <$tc> <$tag1> <$tag2> <$tag3> <$tag4>
http://opensees.berkeley.edu/wiki/index.php/Element_Recorder,Element,recorder Element <-file $fileName> <-xml $fileName> <-binary $fileName> <-precision $nSD> <-time> <-closeOnWrite> <-dT $deltaT> <-ele ($ele1 $ele2 ...)> <-eleRange $startEle $endEle> <-region $regTag>  $arg1 $arg2 ...
http://opensees.berkeley.edu/wiki/index.php/Energy_Increment_Test,EnergyIncr,test EnergyIncr $tol $iter <$pFlag> <$nType>
http://opensees.berkeley.edu/wiki/index.php/Enhanced_Strain_Quadrilateral_Element,enhancedQuad,element enhancedQuad $eleTag $iNode $jNode $kNode $lNode $thick $type $matTag
http://opensees.berkeley.edu/wiki/index.php/Elastic-No_Tension_Material,ENT,uniaxialMaterial ENT $matTag $E
http://opensees.berkeley.edu/wiki/index.php/ElementEnvelopeRecorder,EnvelopeElement,recorder EnvelopeElement <-file $fileName> <-xml $fileName> <-binary $fileName> <-precision $nSD> <-time> <-closeOnWrite> <-ele ($ele1 $ele2 ...)> <-eleRange $startEle $endEle> <-region $regTag>  $arg1 $arg2 ...
http://opensees.berkeley.edu/wiki/index.php/Node_Envelope_Recorder,EnvelopeNode,recorder EnvelopeNode <-file $fileName> <-xml $fileName> <-precision $nSD> <-time> <-closeOnWrite> <-timeSeries $tsTag> <-node $node1 $node2 ...> <-nodeRange $startNode $endNode> <-region $regionTag> -dof ($dof1 $dof2 ...) $respType'
http://opensees.berkeley.edu/wiki/index.php/Explicit_Difference,Explicitdifference,integrator Explicitdifference
http://opensees.berkeley.edu/wiki/index.php/Plane_Stress_Concrete_Materials,FAFourSteelPCPlaneStress,nDMaterial FAFourSteelPCPlaneStress matTag? rho? t1? t2? s3? s4? c1? c2? angle1? angle2? angle3? angle4? rou1? rou2? rou3? rou4? pstrain1? pstrain2? fpc? fyT? fy? E0? epsc0?
http://opensees.berkeley.edu/wiki/index.php/Plane_Stress_Concrete_Materials,FAFourSteelRCPlaneStress,nDMaterial FAFourSteelRCPlaneStress matTag? rho? UniaxiaMatTag1? UniaxiaMatTag2? UniaxiaMatTag3? UniaxiaMatTag4? UniaxiaMatTag5? UniaxiaMatTag6? angle1? angle2? angle3? angle4? rou1? rou2? rou3? rou4? fpc? fy? E0? epsc0?
http://opensees.berkeley.edu/wiki/index.php/Plane_Stress_Concrete_Materials,FAPrestressedConcretePlaneStress,nDMaterial FAPrestressedConcretePlaneStress matTag? rho? t1? s2? c1? c2? angle1? angle2? rou1? rou2? pstrain? fpc? fyT? fy? E0? epsc0?
http://opensees.berkeley.edu/wiki/index.php/Plane_Stress_Concrete_Materials,FAReinforcedConcretePlaneStress,nDMaterial FAReinforcedConcretePlaneStress matTag? rho? s1? s2? c1? c2? angle1? angle2? rou1? rou2? fpc? fy? E0? epsc0?
http://opensees.berkeley.edu/wiki/index.php/Fatigue_Material,Fatigue,uniaxialMaterial Fatigue $matTag $tag <-E0 $E0> <-m $m> <-min $min> <-max $max> 
http://opensees.berkeley.edu/wiki/index.php/Flexure-Shear_Interaction_Displacement-Based_Beam-Column_Element,FiberInt,section FiberInt $secTag -NStrip $nStrip1 $thick1 $nStrip2 $thick2 $nStrip3 $thick3
http://opensees.berkeley.edu/wiki/index.php/Fixed_Number_of_Iterations,FixedNumIter,test FixedNumIter $iter <$pFlag> <$nType>
http://opensees.berkeley.edu/wiki/index.php/Flat_Slider_Bearing_Element,flatSliderBearing,element flatSliderBearing $eleTag $iNode $jNode $frnMdlTag $kInit -P $matTag -Mz $matTag <-orient $x1 $x2 $x3 $y1 $y2 $y3> <-shearDist $sDratio> <-doRayleigh> <-mass $m> <-iter $maxIter $tol>
http://opensees.berkeley.edu/wiki/index.php/Flat_Slider_Bearing_Element,flatSliderBearing,element flatSliderBearing $eleTag $iNode $jNode $frnMdlTag $kInit -P $matTag -T $matTag -My $matTag -Mz $matTag <-orient <$x1 $x2 $x3> $y1 $y2 $y3> <-shearDist $sDratio> <-doRayleigh> <-mass $m> <-iter $maxIter $tol>
http://opensees.berkeley.edu/wiki/index.php/FluidSolidPorousMaterial,FluidSolidPorousMaterial,nDMaterial FluidSolidPorousMaterial $tag  $nd  $soilMatTag  $combinedBulkModul <$pa=101>
http://opensees.berkeley.edu/wiki/index.php/Force-Based_Beam-Column_Element,forceBeamColumn,"element forceBeamColumn $eleTag $iNode $jNode $transfTag IntegrationType arg1 arg2 ..."" <-mass $massDens> <-iter $maxIters $tol>"
http://opensees.berkeley.edu/wiki/index.php/Force-Based_Beam-Column_Element,forceBeamColumn,element forceBeamColumn $eleTag $iNode $jNode $numIntgrPts $secTag $transfTag <-mass $massDens> <-iter $maxIters $tol> <-integration $intType>
http://opensees.berkeley.edu/wiki/index.php/Beam_With_Hinges_Element,forceBeamColumn,"element forceBeamColumn $eleTag $iNode $jNode $transfTag ""HingeRadau $secTagI $LpI $secTagJ $LpJ $secTagInterior"" <-mass $massDens> <-iter $maxIters $tol>"
http://opensees.berkeley.edu/wiki/index.php/FourNodeTetrahedron,FourNodeTetrahedron,element FourNodeTetrahedron $eleTag $node1 $node2 $node3 $node4 $matTag <$b1 $b2 $b3>
http://opensees.berkeley.edu/wiki/index.php/FPBearingPTV,FPBearingPTV,element FPBearingPTV $eleTag $iNode $jNode $MuRef $IsPressureDependent $pRef $isTemperatureDependent $Diffusivity $Conductivity $IsVelocityDependent $rateParameter $ReffectiveFP $Radius_Contact $kInitial $theMaterialA $theMaterialB $theMaterialC $theMaterialD $x1 $x2 $x3 $y1 $y2 $y3 $shearDist $doRayleigh $mass $iter $tol $unit
http://opensees.berkeley.edu/wiki/index.php/FRPConfinedConcrete,FRPConfinedConcrete,"uniaxialMaterial FRPConfinedConcrete $matTag  $fpc1  $fpc2  $epsc0  $D	$c $Ej	$Sj      $tj	$eju     $S   $fyl   $fyh       $dlong 	   $dtrans      $Es     $vo       $k       $useBuck"
http://opensees.berkeley.edu/wiki/index.php/User_talk:Kkolozvari,FSAM,nDMaterial   FSAM   $mattag     $rho    $sX    $sY    $conc    $rouX    $rouY    $nu    $alfadow
http://opensees.berkeley.edu/wiki/index.php/FSAM_-_2D_RC_Panel_Constitutive_Behavior,FSAM,nDMaterial   FSAM   $mattag     $rho    $sX    $sY    $conc    $rouX    $rouY    $nu    $alfadow
http://opensees.berkeley.edu/wiki/index.php/FullGeneral,FullGeneral,system FullGeneral
http://opensees.berkeley.edu/wiki/index.php/Generalized_Alpha_Method,GeneralizedAlpha,integrator GeneralizedAlpha $alphaM $alphaF <$gamma $beta> 
http://opensees.berkeley.edu/wiki/index.php/Hardening_Material,Hardening,uniaxialMaterial Hardening $matTag $E $sigmaY $H_iso $H_kin <$eta>
http://opensees.berkeley.edu/wiki/index.php/HDR,HDR,element HDR $eleTag $Nd1 $Nd2 $Gr $Kbulk $D1 $D2 $ts $tr $n $a1 $a2 $a3 $b1 $b2 $b3 $c1 $c2 $c3 $c4 <<$x1 $x2 $x3> $y1 $y2 $y3> <$kc> <$PhiM> <$ac> <$sDratio> <$m> <$tc>
http://opensees.berkeley.edu/wiki/index.php/Hilber-Hughes-Taylor_Method,HHT,integrator HHT $alpha <$gamma $beta> 
http://opensees.berkeley.edu/wiki/index.php/Hyperbolic_Gap_Material,HyperbolicGapMaterial,uniaxialMaterial HyperbolicGapMaterial $matTag $Kmax $Kur $Rf $Fult $gap
http://opensees.berkeley.edu/wiki/index.php/Hysteretic_Material,Hysteretic,uniaxialMaterial Hysteretic $matTag $s1p $e1p $s2p $e2p <$s3p $e3p> $s1n $e1n $s2n $e2n <$s3n $e3n> $pinchX $pinchY $damage1 $damage2 <$beta>
http://opensees.berkeley.edu/wiki/index.php/Impact_Material,ImpactMaterial,uniaxialMaterial ImpactMaterial $matTag $K1 $K2 $?y $gap
http://opensees.berkeley.edu/wiki/index.php/InitialStateAnalysisWrapper,InitialStateAnalysisWrapper,nDMaterial InitialStateAnalysisWrapper $matTag $nDMatTag $nDim
http://opensees.berkeley.edu/wiki/index.php/Initial_Strain_Material,InitStrainMaterial,uniaxialMaterial InitStrainMaterial $matTag $otherTag $initStrain
http://opensees.berkeley.edu/wiki/index.php/Initial_Stress_Material,InitStressMaterial,uniaxialMaterial InitStressMaterial $matTag $otherTag $initStress
http://opensees.berkeley.edu/wiki/index.php/Interpolated_GroundMotion,Interpolated,groundMotion $tag Interpolated $gmTag1 $gmTag2 ... -fact $fact1 $fact2 ...
http://opensees.berkeley.edu/wiki/index.php/Isolator2spring_Section,Iso2spring,section Iso2spring $matTag $tol $k1 $Fyo $k2o $kvo $hb $PE <$Po>
http://opensees.berkeley.edu/wiki/index.php/J2_Plasticity_Material,J2Plasticity,nDMaterial J2Plasticity $matTag $K $G $sig0 $sigInf $delta $H
http://opensees.berkeley.edu/wiki/index.php/Joint2D_Element,Joint2D,element Joint2D $eleTag $Nd1 $Nd2 $Nd3 $Nd4 $NdC <$Mat1 $Mat2 $Mat3 $Mat4> $MatC $LrgDspTag
http://opensees.berkeley.edu/wiki/index.php/KikuchiAikenHDR_Material,KikuchiAikenHDR,uniaxialMaterial KikuchiAikenHDR $matTag $tp $ar $hr <-coGHU $cg $ch $cu> <-coMSS $rs $rf> 
http://opensees.berkeley.edu/wiki/index.php/KikuchiAikenLRB_Material,KikuchiAikenLRB,uniaxialMaterial KikuchiAikenLRB $matTag $type $ar $hr $gr $ap $tp $alph $beta <-T $temp> <-coKQ $rk $rq> <-coMSS $rs $rf> 
http://opensees.berkeley.edu/wiki/index.php/KikuchiBearing_Element,KikuchiBearing,element KikuchiBearing $eleTag $iNode $jNode -shape $shape -size $size $totalRubber <-totalHeight $totalHeight> -nMSS $nMSS -matMSS $matMSSTag <-limDisp $limDisp> -nMNS $nMNS -matMNS $matMNSTag <-lambda $lambda> <-orient <$x1 $x2 $x3> $yp1 $yp2 $yp3> <-mass $m> <-noPDInput> <-noTilt> <-adjustPDOutput $ci $cj> <-doBalance $limFo $limFi $nIter>
http://opensees.berkeley.edu/wiki/index.php/Krylov-Newton_Algorithm,KrylovNewton,algorithm KrylovNewton <-iterate $tangIter> <-increment $tangIncr> <-maxDim $maxDim>
http://opensees.berkeley.edu/wiki/index.php/Lagrange_Multipliers,Lagrange,constraints Lagrange <$alphaS $alphaM >
http://www.luxinzheng.net/download/OpenSEES/En_THUShell_OpenSEES.htm,LayeredShell,section LayeredShell $sectionTag $nLayers $matTag1 $thickness1...$matTagn $thicknessn
http://opensees.berkeley.edu/wiki/index.php/LeadRubberX,LeadRubberX,element LeadRubberX $eleTag $Nd1 $Nd2 $Fy $alpha $Gr $Kbulk $D1 $D2 $ts $tr $n <<$x1 $x2 $x3> $y1 $y2 $y3> <$kc> <$PhiM> <$ac> <$sDratio> <$m> <$cd> <$tc> <$qL> <$cL> <$kS> <$aS> <$tag1> <$tag2> <$tag3> <$tag4> <$tag5>
http://opensees.berkeley.edu/wiki/index.php/Limit_State_Material,LimitState,uniaxialMaterial LimitState $matTag $s1p $e1p $s2p $e2p $s3p $e3p $s1n $e1n $s2n $e2n $s3n $e3n $pinchX $pinchY
http://opensees.berkeley.edu/wiki/index.php/Linear_Transformation,Linear,geomTransf Linear $transfTag <-jntOffset $dXi $dYi $dXj $dYj>
http://opensees.berkeley.edu/wiki/index.php/Linear_Transformation,Linear,geomTransf Linear $transfTag $vecxzX $vecxzY $vecxzZ <-jntOffset $dXi $dYi $dZi $dXj $dYj $dZj>
http://opensees.berkeley.edu/wiki/index.php/Linear_Algorithm,Linear,algorithm Linear <-initial> <-factorOnce>
http://opensees.berkeley.edu/wiki/index.php/Linear_TimeSeries,Linear,timeSeries Linear $tag <-factor $cFactor>
http://opensees.berkeley.edu/wiki/index.php/Load_Control,LoadControl,integrator LoadControl $lambda <$numIter $minLambda $maxLambda>
http://opensees.berkeley.edu/wiki/index.php/Manzari_Dafalias_Material,ManzariDafalias,nDmaterial ManzariDafalias $matTag $G0 $nu $e_init $Mc $c $lambda_c $e0 $ksi $P_atm $m $h0 $ch $nb $A0 $nd $z_max $cz $Den
http://opensees.berkeley.edu/wiki/index.php/MinMax_Material,MinMax,uniaxialMaterial MinMax $matTag $otherTag <-min $minStrain> <-max $maxStrain>
http://opensees.berkeley.edu/wiki/index.php/Minimum_Unbalanced_Displacement_Norm,MinUnbalDispNorm,integrator MinUnbalDispNorm $dlambda1 <$Jd $minLambda $maxLambda>
http://opensees.berkeley.edu/wiki/index.php/Elastic_Beam_Column_Element_with_Stiffness_Modifiers,ModElasticBeam2d,element ModElasticBeam2d $eleTag $iNode $jNode $A $E $Iz $K11 $K33 $K44 $transfTag <-mass $massDens> <-cMass>
http://opensees.berkeley.edu/wiki/index.php/Modified_Newton_Algorithm,ModifiedNewton,algorithm ModifiedNewton <-initial> 
http://opensees.berkeley.edu/wiki/index.php/Modified_Ibarra-Medina-Krawinkler_Deterioration_Model_with_Peak-Oriented_Hysteretic_Response_(ModIMKPeakOriented_Material),ModIMKPeakOriented,uniaxialMaterial ModIMKPeakOriented  $matTag  $K0  $as_Plus  $as_Neg  $My_Plus  $My_Neg  $Lamda_S  $Lamda_C  $Lamda_A  $Lamda_K  $c_S  $c_C  $c_A  $c_K  $theta_p_Plus  $theta_p_Neg  $theta_pc_Plus  $theta_pc_Neg  $Res_Pos  $Res_Neg  $theta_u_Plus  $theta_u_Neg  $D_Plus  $D_Neg
http://opensees.berkeley.edu/wiki/index.php/Modified_Ibarra-Medina-Krawinkler_Deterioration_Model_with_Pinched_Hysteretic_Response_(ModIMKPinching_Material),ModIMKPinching,uniaxialMaterial ModIMKPinching  $matTag  $K0  $as_Plus  $as_Neg  $My_Plus  $My_Neg  $FprPos $FprNeg $A_pinch $Lamda_S  $Lamda_C $Lamda_A  $Lamda_K  $c_S  $c_C  $c_A  $c_K  $theta_p_Plus  $theta_p_Neg  $theta_pc_Plus  $theta_pc_Neg  $Res_Pos  $Res_Neg  $theta_u_Plus  $theta_u_Neg  $D_Plus  $D_Neg
http://opensees.berkeley.edu/wiki/index.php/MultiLinear_Material,MultiLinear,uniaxialMaterial MultiLinear $matTag $u1 $f1 $u2 $f2 $u3 $f3 $u4 $f4 ...
http://opensees.berkeley.edu/wiki/index.php/MultipleShearSpring_Element,multipleShearSpring,element multipleShearSpring $eleTag $iNode $jNode $nSpring -mat $matTag <-lim $dsp> <-orient <$x1 $x2 $x3> $yp1 $yp2 $yp3> <-mass $m> 
http://opensees.berkeley.edu/wiki/index.php/Multi-Support_Excitation_Pattern,MultipleSupport,pattern MultipleSupport $patternTag
http://opensees.berkeley.edu/wiki/index.php/User_talk:Kkolozvari,MVLEM,Element MVLEM $eleTag $Dens $iNode $jNode $m $c -thick Thicknesses -width Widths -rho Reinforcing_ratios -matConcrete Concrete_tags -matSteel Steel_tags -matShear Shear_tag
http://opensees.berkeley.edu/wiki/index.php/MVLEM_-_Multiple-Vertical-Line-Element-Model_for_RC_Walls,MVLEM,Element MVLEM $eleTag $Dens $iNode $jNode $m $c -thick Thicknesses -width Widths -rho Reinforcing_ratios -matConcrete Concrete_tags -matSteel Steel_tags -matShear Shear_tag
http://opensees.berkeley.edu/wiki/index.php/NDFiber_Section,NDFiber,section NDFiber $secTag
http://opensees.berkeley.edu/wiki/index.php/Newmark_Method,Newmark,integrator Newmark $gamma $beta
http://opensees.berkeley.edu/wiki/index.php/Newton_Algorithm,Newton,algorithm Newton <-initial> <-initialThenCurrent>
http://opensees.berkeley.edu/wiki/index.php/Newton_with_Line_Search_Algorithm,NewtonLineSearch,algorithm NewtonLineSearch  <-type $typeSearch> <-tol $tol> <-maxIter $maxIter> <-minEta $minEta> <-maxEta $maxEta>
http://opensees.berkeley.edu/wiki/index.php/Node_Recorder,Node,recorder Node <-file $fileName> <-xml $fileName> <-binary $fileName> <-tcp $inetAddress $port> <-precision $nSD>  <-timeSeries $tsTag> <-time> <-dT $deltaT> <-closeOnWrite> <-node $node1 $node2 ...> <-nodeRange $startNode $endNode> <-region $regionTag> -dof ($dof1 $dof2 ...) $respType'
http://opensees.berkeley.edu/wiki/index.php/Force-Based_Beam-Column_Element,nonlinearBeamColumn,element nonlinearBeamColumn $eleTag $iNode $jNode $numIntgrPts $secTag $transfTag <-mass $massDens> <-iter $maxIters $tol> <-integration $intType>
http://opensees.berkeley.edu/wiki/index.php/Norm_Displacement_Increment_Test,NormDispIncr,test NormDispIncr $tol $iter <$pFlag> <$nType>
http://opensees.berkeley.edu/wiki/index.php/Norm_Unbalance_Test,NormUnbalance,test NormUnbalance $tol $iter <$pFlag> <$nType>
http://opensees.berkeley.edu/wiki/index.php/Parallel_Material,Parallel,uniaxialMaterial Parallel $matTag $tag1 $tag2 ... <-factors $fact1 $fact2 ...>
http://opensees.berkeley.edu/wiki/index.php/Path_TimeSeries,Path,timeSeries Path $tag -dt $dt -values list_of_values <-factor $cFactor> <-useLast> <-prependZero> <-startTime $tStart>
http://opensees.berkeley.edu/wiki/index.php/Path_TimeSeries,Path,timeSeries Path $tag -dt $dt -filePath $filePath <-factor $cFactor> <-useLast> <-prependZero> <-startTime $tStart>
http://opensees.berkeley.edu/wiki/index.php/Path_TimeSeries,Path,timeSeries Path $tag -time list_of_times -values list_of_values <-factor $cFactor> <-useLast>
http://opensees.berkeley.edu/wiki/index.php/Path_TimeSeries,Path,timeSeries Path $tag -fileTime $fileTime -filePath $filePath <-factor $cFactor> <-useLast>
http://opensees.berkeley.edu/wiki/index.php/PDelta_Transformation,PDelta,geomTransf PDelta $transfTag <-jntOffset $dXi $dYi $dXj $dYj>
http://opensees.berkeley.edu/wiki/index.php/PDelta_Transformation,PDelta,geomTransf PDelta $transfTag $vecxzX $vecxzY $vecxzZ <-jntOffset $dXi $dYi $dZi $dXj $dYj $dZj>
http://opensees.berkeley.edu/wiki/index.php/PeerMotion,PeerMotion,timeSeries PeerMotion $tag $eqMotion $station $type $factor <-dT $dT> <-nPTS $nPts>
http://opensees.berkeley.edu/wiki/index.php/PeerNGAMotion,PeerNGAMotion,timeSeries PeerNGAMotion $tag $eqMotion $factor <-dT $dT> <-NPTS $nPts>
http://opensees.berkeley.edu/wiki/index.php/Penalty_Method,Penalty,constraints Penalty $alphaS $alphaM 
http://opensees.berkeley.edu/wiki/index.php/Pinching4_Material,Pinching4,uniaxialMaterial Pinching4 $matTag $ePf1 $ePd1 $ePf2 $ePd2 $ePf3 $ePd3 $ePf4 $ePd4 <$eNf1 $eNd1 $eNf2 $eNd2 $eNf3 $eNd3 $eNf4 $eNd4> $rDispP $rForceP $uForceP <$rDispN $rForceN $uForceN > $gK1 $gK2 $gK3 $gK4 $gKLim $gD1 $gD2 $gD3 $gD4 $gDLim $gF1 $gF2 $gF3 $gF4 $gFLim $gE $dmgType
http://opensees.berkeley.edu/wiki/index.php/Pinching_Limit_State_Material,PinchingLimitStateMaterial,uniaxialMaterial PinchingLimitStateMaterial $matTag $nodeT $nodeB $driftAxis $Kelas $crvTyp $crvTag 
http://opensees.berkeley.edu/wiki/index.php/Pinching_Limit_State_Material,PinchingLimitStateMaterial,uniaxialMaterial PinchingLimitStateMaterial $matTag $nodeT $nodeB $driftAxis $Kelas $crvTyp $crvTag $eleTag $b $d $h $a $st $As $Acc $ld $db $rhot $f'c $fy $fyt
http://opensees.berkeley.edu/wiki/index.php/Plain_GroundMotion,Plain,groundMotion $gmTag Plain <-accel $tsTag> <-vel $tsTag> <-disp $tsTag> <-int (IntegratorType intArgs)> <-fact $cFactor>
http://opensees.berkeley.edu/wiki/index.php/Plain_Constraints,Plain,constraints Plain
http://opensees.berkeley.edu/wiki/index.php/Plain_Numberer,Plain,numberer Plain
http://opensees.berkeley.edu/wiki/index.php/Plane_Strain_Material,PlaneStrain,nDMaterial PlaneStrain $matTag $threeDtag
http://opensees.berkeley.edu/wiki/index.php/Plane_Stress_Material,PlaneStress,nDMaterial PlaneStress $matTag $threeDtag
http://www.luxinzheng.net/download/OpenSEES/En_THUShell_OpenSEES.htm,PlaneStressUserMaterial,nDmaterial PlaneStressUserMaterial $matTag 40 7 $fc $ft $fcu $epsc0 $epscu $epstu $stc
http://opensees.berkeley.edu/wiki/index.php/Plate_Fiber_Material,PlateFiber,nDMaterial PlateFiber $matTag $threeDTag
http://opensees.berkeley.edu/wiki/index.php/Plate_Fiber_Section,PlateFiber,section PlateFiber $secTag $matTag $h
http://www.luxinzheng.net/download/OpenSEES/En_THUShell_OpenSEES.htm,PlateFromPlaneStress,nDmaterial PlateFromPlaneStress $newmatTag $matTag $OutofPlaneModulus
http://www.luxinzheng.net/download/OpenSEES/En_THUShell_OpenSEES.htm,PlateRebar,nDmaterial PlateRebar $newmatTag $matTag $sita
http://opensees.berkeley.edu/wiki/index.php/Plot_Recorder,plot,recorder plot $fileName $windowTitle $xLoc $yLoc $xPixels $yPixels -columns $xCol0 $yCol0 <-columns $xCol1 $yCol1>  ...
http://opensees.berkeley.edu/wiki/index.php/PM4Sand_Material,PM4Sand,nDmaterial PM4Sand $matTag $Dr $G0 $hpo $Den <$patm $h0 $emax $emin $nb $nd $Ado $zmax $cz $ce $phic $nu $cgd $cdr $ckaf $Q $R $m $Fsed_min $p_sedo>
http://opensees.berkeley.edu/wiki/index.php/PM4Silt_Material_(Beta),PM4Silt,nDMaterial PM4Silt $matTag $S_u $Su_Rat $G_o $h_po $Den <$Su_factor $Patm $nu $nG $h0 $eInit $lambda $phicv $nb_wet $nb_dry $nd $Ado $ru_max $zmax $cz $ce $Cgd $ckaf $m_m $CG_consol>
http://opensees.berkeley.edu/wiki/index.php/PressureDependMultiYield_Material,PressureDependMultiYield,nDMaterial PressureDependMultiYield  $tag  $nd  $rho  $refShearModul  $refBulkModul  $frictionAng  $peakShearStra  $refPress  $pressDependCoe  $PTAng  $contrac  $dilat1  $dilat2  $liquefac1  $liquefac2  $liquefac3  <$noYieldSurf=20 <$r1 $Gs1 …>  $e=0.6  $cs1=0.9  $cs2=0.02  $cs3=0.7  $pa=101 <$c=0.3>>
http://opensees.berkeley.edu/wiki/index.php/PressureDependMultiYield02_Material,PressureDependMultiYield02,nDMaterial PressureDependMultiYield02  $tag  $nd  $rho  $refShearModul  $refBulkModul  $frictionAng  $peakShearStra  $refPress  $pressDependCoe  $PTAng  $contrac1  $contrac3  $dilat1  $dilat3 <$noYieldSurf=20 <$r1 $Gs1 …>  $contrac2=5.  $dilat2=3.  $liquefac1=1.  $liquefac2=0.  $e=0.6  $cs1=0.9  $cs2=0.02  $cs3=0.7  $pa=101 <$c=0.1>>
http://opensees.berkeley.edu/wiki/index.php/PressureIndependMultiYield_Material,PressureIndependMultiYield,nDmaterial PressureIndependMultiYield $tag $nd  $rho  $refShearModul  $refBulkModul $cohesi  $peakShearStra  <$frictionAng=0.  $refPress=100.  $pressDependCoe=0.  $noYieldSurf=20  <$r1 $Gs1 …>  >
http://opensees.berkeley.edu/wiki/index.php/Plane_Stress_Concrete_Materials,PrestressedConcretePlaneStress,nDMaterial PrestressedConcretePlaneStress matTag? rho? t1? s1? c1? c2? angle1? angle2? rou1? rou2? pstrain? fpc? fyT? fy2? E0? epsc0?
http://opensees.berkeley.edu/wiki/index.php/ProfileSPD_SOE,ProfileSPD,system ProfileSPD
http://opensees.berkeley.edu/wiki/index.php/Pulse_TimeSeries,Pulse,timeSeries Pulse $tag $tStart $tEnd $period <-width $pulseWidth> <-shift $shift> <-factor $cFactor>
http://opensees.berkeley.edu/wiki/index.php/PyLiq1_Material,PyLiq1,uniaxialMaterial PyLiq1 $matTag $soilType $pult $Y50 $Cd $c $pRes $ele1 $ele2
http://opensees.berkeley.edu/wiki/index.php/PyLiq1_Material,PyLiq1,uniaxialMaterial PyLiq1 $matTag $soilType $pult $Y50 $Cd $c $pRes -timeSeries $tag
http://opensees.berkeley.edu/wiki/index.php/PySimple1_Material,PySimple1,uniaxialMaterial PySimple1 $matTag $soilType $pult $Y50 $Cd <$c>
http://opensees.berkeley.edu/wiki/index.php/Patch_Command,quad,patch quad $matTag $numSubdivIJ $numSubdivJK $yI $zI $yJ $zJ $yK $zK $yL $zL
http://opensees.berkeley.edu/wiki/index.php/Quad_Element,quad,element quad $eleTag $iNode $jNode $kNode $lNode $thick $type $matTag <$pressure $rho $b1 $b2>
http://opensees.berkeley.edu/wiki/index.php/FourNodeQuad_u-p_Element,quadUP,element quadUP $eleTag $Node1 $Node2 $Node3 $Node4 $thick $matTag $bulk $fmass $PermX $PermY <$b1=0 $b2=0 $t=0>
http://opensees.berkeley.edu/wiki/index.php/Four_Node_Quad_u-p_Element,quadUP,element quadUP $eleTag  $iNode  $jNode  $kNode  $lNode $thick  $matTag  $bulk  $fmass  $hPerm  $vPerm  <$b1=0  $b2=0  $t=0>
http://opensees.berkeley.edu/wiki/index.php/QzSimple1_Material,QzSimple1,uniaxialMaterial QzSimple1 $matTag $qzType $qult $Z50 <$suction $c>
http://opensees.berkeley.edu/wiki/index.php/Plane_Stress_Concrete_Materials,RAFourSteelPCPlaneStress,nDMaterial RAFourSteelPCPlaneStress matTag? rho? UniaxiaMatTag1? UniaxiaMatTag2? UniaxiaMatTag3? UniaxiaMatTag4? angle1? angle2? rou1? rou2? pstrain? fpc? fyT? fy? E0? epsc0?
http://opensees.berkeley.edu/wiki/index.php/Plane_Stress_Concrete_Materials,RAFourSteelRCPlaneStress,nDMaterial RAFourSteelRCPlaneStress matTag? rho? UniaxiaMatTag1? UniaxiaMatTag2? UniaxiaMatTag3? UniaxiaMatTag4? UniaxiaMatTag5? UniaxiaMatTag6? angle1? angle2? angle3? angle4? rou1? rou2? rou3? rou4? fpc? fy? E0? epsc0?
http://opensees.berkeley.edu/wiki/index.php/RambergOsgoodSteel_Material,RambergOsgoodSteel,uniaxialMaterial RambergOsgoodSteel $matTag $fy $E0 $a $n
http://opensees.berkeley.edu/wiki/index.php/RCM_Numberer,RCM,numberer RCM
http://opensees.berkeley.edu/wiki/index.php/RC_Section,RCSection2d,section RCSection2d $secTag $coreTag $coverTag $steelTag $d $b $cover $Atop $Abot $Aside $Nfcore $Nfcover $Nfs
http://opensees.berkeley.edu/wiki/index.php/Patch_Command,rect,patch rect $matTag $numSubdivY $numSubdivZ $yI $zI $yJ $zJ
http://opensees.berkeley.edu/wiki/index.php/Rectangular_TimeSeries,Rectangular,timeSeries Rectangular $tag $tStart $tEnd <-factor $cFactor>
http://opensees.berkeley.edu/wiki/index.php/Plane_Stress_Concrete_Materials,ReinforcedConcretePlaneStress,nDMaterial ReinforcedConcretePlaneStress matTag? rho? s1? s2? c1? c2? angle1? angle2? rou1? rou2? fpc? fy? E0? epsc0?
http://opensees.berkeley.edu/wiki/index.php/Reinforcing_Steel_Material,ReinforcingSteel,uniaxialMaterial ReinforcingSteel $matTag $fy $fu $Es $Esh $esh $eult  < -GABuck $lsr $beta $r $gama > < -DMBuck $lsr < $alpha >>  < -CMFatigue $C
http://opensees.berkeley.edu/wiki/index.php/Relative_Energy_Increment_Test,RelativeEnergyIncr,test RelativeEnergyIncr $tol $iter <$pFlag> <$nType>
http://opensees.berkeley.edu/wiki/index.php/Relative_Norm_Displacement_Increment_Test,RelativeNormDispIncr,test RelativeNormDispIncr $tol $iter <$pFlag> <$nType>
http://opensees.berkeley.edu/wiki/index.php/Relative_Norm_Unbalance_Test,RelativeNormUnbalance,test RelativeNormUnbalance $tol $iter <$pFlag> <$nType>
http://opensees.berkeley.edu/wiki/index.php/Total_Relative_Norm_Displacement_Increment_Test,RelativeTotalNormDispIncr,test RelativeTotalNormDispIncr $tol $iter <$pFlag> <$nType>
http://opensees.berkeley.edu/wiki/index.php/RJ-Watson_EQS_Bearing_Element,RJWatsonEqsBearing,element RJWatsonEqsBearing $eleTag $iNode $jNode $frnMdlTag $kInit -P $matTag -Vy $matTag -Mz $matTag <-orient $x1 $x2 $x3 $y1 $y2 $y3> <-shearDist $sDratio> <-doRayleigh> <-mass $m> <-iter $maxIter $tol>
http://opensees.berkeley.edu/wiki/index.php/RJ-Watson_EQS_Bearing_Element,RJWatsonEqsBearing,element RJWatsonEqsBearing $eleTag $iNode $jNode $frnMdlTag $kInit -P $matTag -Vy $matTag -Vz $matTag -T $matTag -My $matTag -Mz $matTag <-orient <$x1 $x2 $x3> $y1 $y2 $y3> <-shearDist $sDratio> <-doRayleigh> <-mass $m> <-iter $maxIter $tol>
http://opensees.berkeley.edu/wiki/index.php/RotationShearCurve,RotationShearCurve,limitCurve RotationShearCurve $crvTag $eleTag $ndI $ndJ $rotAxis $Vn $Vr $Kdeg $rotLim
http://opensees.berkeley.edu/wiki/index.php/RotationShearCurve,RotationShearCurve,limitCurve RotationShearCurve $crvTag $eleTag $ndI $ndJ $rotAxis $Vn $Vr $Kdeg $defType $b $d $h $L $st $As $Acc $ld $db $rhot $f'c $fy $fyt $delta
http://opensees.berkeley.edu/wiki/index.php/SAWS_Material,SAWS,uniaxialMaterial SAWS $tag $F0 $FI $DU $S0 $R1 $R2 $R3 $R4 $alph $beta
http://opensees.berkeley.edu/wiki/index.php/Secant_Newton_Algorithm,SecantNewton,algorithm SecantNewton <-iterate $tangIter> <-increment $tangIncr> <-maxDim $maxDim>
http://opensees.berkeley.edu/wiki/index.php/Elastic_Section,section,Elastic $secTag $E $A $Iz <$G $alphaY>
http://opensees.berkeley.edu/wiki/index.php/Elastic_Section,section,Elastic $secTag $E $A $Iz $Iy $G $J <$alphaY $alphaZ>
http://opensees.berkeley.edu/wiki/index.php/SelfCentering_Material,SelfCentering,uniaxialMaterial SelfCentering $matTag $k1 $k2 $sigAct $beta <$epsSlip> <$epsBear> <rBear>
http://opensees.berkeley.edu/wiki/index.php/Series_Material,Series,uniaxialMaterial Series $matTag $tag1 $tag2 ...
http://opensees.berkeley.edu/wiki/index.php/User_talk:Kkolozvari,SFI_MVLEM,Element SFI_MVLEM $eleTag $iNode $jNode $m $c -thick Thicknesses -width Widths -mat Material_tags
http://opensees.berkeley.edu/wiki/index.php/SFI_MVLEM_-_Cyclic_Shear-Flexure_Interaction_Model_for_RC_Walls,SFI_MVLEM,Element SFI_MVLEM $eleTag $iNode $jNode $m $c -thick Thicknesses -width Widths -mat Material_tags
http://opensees.berkeley.edu/wiki/index.php/Shear_LimitCurve,Shear,limitCurve Shear $curveTag $eleTag $rho $fc $b $h $d $Fsw $Kdeg $Fres $defType $forType <$ndI $ndJ $dof $perpDirn $delta>
http://opensees.berkeley.edu/wiki/index.php/ShellDKGQ,ShellDKGQ,element ShellDKGQ $eleTag $iNode $jNode $kNode $lNode $secTag
http://opensees.berkeley.edu/wiki/index.php/ShellDKGT,ShellDKGT,element ShellDKGT $eleTag $iNode $jNode $kNode $secTag
http://opensees.berkeley.edu/wiki/index.php/Shell_Element,ShellMITC4,element ShellMITC4 $eleTag $iNode $jNode $kNode $lNode $secTag
http://opensees.berkeley.edu/wiki/index.php/ShellNL,ShellNL,element ShellNL $eleTag $node1 $node2 ... $node9 $secTag
http://opensees.berkeley.edu/wiki/index.php/ShellNLDKGQ,ShellNLDKGQ,element ShellNLDKGQ $eleTag $iNode $jNode $kNode $lNode $secTag
http://opensees.berkeley.edu/wiki/index.php/ShellNLDKGT,ShellNLDKGT,element ShellNLDKGT $eleTag $iNode $jNode $kNode $secTag
http://opensees.berkeley.edu/wiki/index.php/SimpleContact2D,SimpleContact2D,element SimpleContact2D $eleTag $iNode $jNode $sNode $lNode $matTag $gTol $fTol
http://opensees.berkeley.edu/wiki/index.php/SimpleContact3D,SimpleContact3D,element SimpleContact3D $eleTag $iNode $jNode $kNode $lNode $sNode $LNode $matTag $gTol $fTol
http://opensees.berkeley.edu/wiki/index.php/Single_Concave_Friction_Pendulum_Bearing_Element,singleFPBearing,element singleFPBearing $eleTag $iNode $jNode $frnMdlTag $R $h $uy -P $matTag -Mz $matTag <-orient $x1 $x2 $x3 $y1 $y2 $y3> <-mass $m> <-iter $maxIter $tol>
http://opensees.berkeley.edu/wiki/index.php/Single_Concave_Friction_Pendulum_Bearing_Element,singleFPBearing,element singleFPBearing $eleTag $iNode $jNode $frnMdlTag $R $h $uy -P $matTag -T $matTag -My $matTag -Mz $matTag <-orient <$x1 $x2 $x3> $y1 $y2 $y3> <-mass $m> <-iter $maxIter $tol>
http://opensees.berkeley.edu/wiki/index.php/Single_Friction_Pendulum_Bearing_Element,singleFPBearing,element singleFPBearing $eleTag $iNode $jNode $frnMdlTag $Reff $kInit -P $matTag -Mz $matTag <-orient $x1 $x2 $x3 $y1 $y2 $y3> <-shearDist $sDratio> <-doRayleigh> <-mass $m> <-iter $maxIter $tol>
http://opensees.berkeley.edu/wiki/index.php/Single_Friction_Pendulum_Bearing_Element,singleFPBearing,element singleFPBearing $eleTag $iNode $jNode $frnMdlTag $Reff $kInit -P $matTag -T $matTag -My $matTag -Mz $matTag <-orient <$x1 $x2 $x3> $y1 $y2 $y3> <-shearDist $sDratio> <-doRayleigh> <-mass $m> <-iter $maxIter $tol>
http://opensees.berkeley.edu/wiki/index.php/SuperLU_SOE,SparseGEN,system SparseGEN
http://opensees.berkeley.edu/wiki/index.php/SparseSYM_SOE,SparseSYM,system SparseSYM
http://opensees.berkeley.edu/wiki/index.php/SSPbrick_Element,SSPbrick,element SSPbrick $eleTag $iNode $jNode $kNode $lNode $mNode $nNode $pNode $qNode $matTag <$b1 $b2 $b3>
http://opensees.berkeley.edu/wiki/index.php/SSPbrickUP_Element,SSPbrickUP,element SSPbrickUP $eleTag $iNode $jNode $kNode $lNode $mNode $nNode $pNode $qNode $matTag $fBulk $fDen $k1 $k2 $k3 $void $alpha <$b1 $b2 $b3>
http://opensees.berkeley.edu/wiki/index.php/SSPquad_Element,SSPquad,element SSPquad $eleTag $iNode $jNode $kNode $lNode $matTag $type $thick <$b1 $b2>
http://opensees.berkeley.edu/wiki/index.php/SSPquadUP_Element,SSPquadUP,element SSPquadUP $eleTag $iNode $jNode $kNode $lNode $matTag $thick $fBulk $fDen $k1 $k2 $void $alpha <$b1 $b2>
http://opensees.berkeley.edu/wiki/index.php/Standard_Brick_Element,stdBrick,element stdBrick $eleTag $node1 $node2 $node3 $node4 $node5 $node6 $node7 $node8 $matTag <$b1 $b2 $b3>
http://opensees.berkeley.edu/wiki/index.php/Steel01_Material,Steel01,uniaxialMaterial Steel01 $matTag $Fy $E0 $b <$a1 $a2 $a3 $a4>
http://opensees.berkeley.edu/wiki/index.php/Steel02_Material_--_Giuffr%C3%A9-Menegotto-Pinto_Model_with_Isotropic_Strain_Hardening,Steel02,uniaxialMaterial Steel02 $matTag $Fy $E $b $R0 $cR1 $cR2 <$a1 $a2 $a3 $a4 $sigInit>
http://opensees.berkeley.edu/wiki/index.php/Steel4_Material,Steel4,uniaxialMaterial Steel4 $matTag $f_y $E_0 < -asym > < -kin $b_k $R_0 $r_1 $r_2 < $b_kc $R_0c $r_1c $r_2c > > < -iso $b_i $rho_i $b_l $R_i $l_yp  < $b_ic  $rho_ic $b_lc $R_ic> > < -ult $f_u $R_u < $f_uc $R_uc > > < -init $sig_init > < -mem $cycNum >
http://opensees.berkeley.edu/wiki/index.php/User_talk:Kkolozvari,SteelMPF,uniaxialMaterial SteelMPF $mattag  $fyp  $fyn  $E0  $bp  $bn   $R0  $a1  $a2  <$a3  $a4>
http://opensees.berkeley.edu/wiki/index.php/SteelMPF_-_Menegotto_and_Pinto_(1973)_Model_Extended_by_Filippou_et_al._(1983),SteelMPF,uniaxialMaterial SteelMPF $mattag  $fyp  $fyn  $E0  $bp  $bn   $R0  $cR1  $cR2  <$a1 $a2 $a3  $a4>
http://opensees.berkeley.edu/wiki/index.php/Plane_Stress_Concrete_Materials,SteelZ01,uniaxialMaterial SteelZ01 tag? fy? E0? fpc? rou? <ac?> <rc?>
http://opensees.berkeley.edu/wiki/index.php/Layer_Command,straight,layer straight $matTag $numFiber $areaFiber $yStart $zStart $yEnd $zEnd
http://opensees.berkeley.edu/wiki/index.php/Stress_Density_Material,StressDensityModel,nDMaterial StressDensityModel $matTag $mDen $eNot $A $n $nu $a1 $b1 $a2 $b2 $a3 $b3 $fd $muNot $muCyc $sc $M $patm <$ssl1 $ssl2 $ssl3 $ssl4 $ssl5 $ssl6 $ssl7 $ssl8 $ssl9 $ssl10 $hsl $p1 $p2 $p3 $p4 $p5 $p6 $p7 $p8 $p9 $p10>
http://opensees.berkeley.edu/wiki/index.php/SurfaceLoad_Element,SurfaceLoad,element SurfaceLoad $eleTag $iNode $jNode $kNode $lNode $p
http://opensees.berkeley.edu/wiki/index.php/Plane_Stress_Concrete_Materials,TendonL01,uniaxialMaterial TendonL01 tag? fpy? Eps? fpc? rou? epsp? <ac?> <rc?>
http://opensees.berkeley.edu/wiki/index.php/Triple_Friction_Pendulum_Bearing_Element,TFP,element TFP $eleTag $iNode $jNode $R1 $R2 $R3 $R4 $D1 $D2 $D3 $D4 $d1 $d2 $d3 $d4 $mu1 $mu2 $mu3 $mu4 $h1 $h2 $h3 $h4 $H0 $colLoad <$K>
http://opensees.berkeley.edu/wiki/index.php/Transformation_Method,Transformation,constraints Transformation
http://opensees.berkeley.edu/wiki/index.php/TRBDF2,TRBDF2,integrator TRBDF2
http://opensees.berkeley.edu/wiki/index.php/Tri31_Element,tri31,element tri31 $eleTag $iNode $jNode $kNode $thick $type $matTag <$pressure $rho $b1 $b2>
http://opensees.berkeley.edu/wiki/index.php/Triangular_TimeSeries,Triangle,timeSeries Triangle $tag $tStart $tEnd $period <-shift $shift> <-factor $cFactor>
http://opensees.berkeley.edu/wiki/index.php/Trigonometric_TimeSeries,Trig,timeSeries Trig $tag $tStart $tEnd $period <-factor $cFactor> <-shift $shift>
http://opensees.berkeley.edu/wiki/index.php/Triple_Friction_Pendulum_Element,TripleFrictionPendulum,element TripleFrictionPendulum $eleTag $iNode $jNode $frnTag1 $frnTag2 $frnTag3 $vertMatTag $rotZMatTag $rotXMatTag $rotYMatTag $L1 $L2 $L3 $d1 $d2 $d3 $W $uy $kvt $minFv $tol
http://opensees.berkeley.edu/wiki/index.php/Truss_Element,truss,element truss $eleTag $iNode $jNode $A $matTag <-rho $rho> <-cMass $cFlag> <-doRayleigh $rFlag>
http://opensees.berkeley.edu/wiki/index.php/Truss_Element,trussSection,element trussSection $eleTag $iNode $jNode $secTag <-rho $rho> <-cMass $cFlag> <-doRayleigh $rFlag>
http://opensees.berkeley.edu/wiki/index.php/Two_Node_Link_Element,twoNodeLink,element twoNodeLink $eleTag $iNode $jNode -mat $matTags -dir $dirs <-orient <$x1 $x2 $x3> $y1 $y2 $y3> <-pDelta (4 $Mratio)> <-shearDist (2 $sDratios)> <-doRayleigh> <-mass $m>
http://opensees.berkeley.edu/wiki/index.php/TzLiq1_Material,TzLiq1,uniaxialMaterial TzLiq1 $matTag $tzType $tult $z50 $c $ele1 $ele2
http://opensees.berkeley.edu/wiki/index.php/TzLiq1_Material,TzLiq1,uniaxialMaterial TzLiq1 $matTag $tzType $tult $z50 $c -timeSeries $seriesTag
http://opensees.berkeley.edu/wiki/index.php/TzSimple1_Material,TzSimple1,uniaxialMaterial TzSimple1 $matTag $tzType $tult $z50 <$c>
http://opensees.berkeley.edu/wiki/index.php/UmfPack_SOE,UmfPack,system UmfPack <-lvalueFact $LVALUE>
http://opensees.berkeley.edu/wiki/index.php/Uniaxial_Section,Uniaxial,section Uniaxial $secTag $matTag $quantity
http://opensees.berkeley.edu/wiki/index.php/Uniform_Excitation_Pattern,UniformExcitation,pattern UniformExcitation $patternTag $dir -accel $tsTag <-vel0 $vel0> <-fact $cFactor>
http://opensees.berkeley.edu/wiki/index.php/Velocity_Dependent_Friction,VelDependent,frictionModel VelDependent $frnTag $muSlow $muFast $transRate
http://opensees.berkeley.edu/wiki/index.php/Multi-Linear_Velocity_Dependent_Friction,VelDepMultiLinear,frictionModel VelDepMultiLinear $frnTag -vel $velocityPoints -frn $frictionPoints
http://opensees.berkeley.edu/wiki/index.php/Velocity_and_Normal_Force_Dependent_Friction,VelNormalFrcDep,frictionModel VelNormalFrcDep $frnTag $aSlow $nSlow $aFast $nFast $alpha0 $alpha1 $alpha2 $maxMuFact
http://opensees.berkeley.edu/wiki/index.php/Velocity_and_Pressure_Dependent_Friction,VelPressureDep,frictionModel VelPressureDep $frnTag $muSlow $muFast0 $A $deltaMu $alpha $transRate
http://opensees.berkeley.edu/wiki/index.php/Viscous_Material,Viscous,uniaxialMaterial Viscous $matTag $C $alpha
http://opensees.berkeley.edu/wiki/index.php/Maxwell_Material,ViscousDamper,uniaxialMaterial ViscousDamper  $matTag  $K $Cd $alpha <$LGap> < $NM $RelTol $AbsTol $MaxHalf> 
http://opensees.berkeley.edu/wiki/index.php/ViscousDamper_Material,ViscousDamper,uniaxialMaterial ViscousDamper  $matTag  $K $Cd $alpha <$LGap> < $NM $RelTol $AbsTol $MaxHalf> 
http://opensees.berkeley.edu/wiki/index.php/VS3D4,VS3D4,element VS3D4 $eleTag $node1 $node2 $node3 $node4 $E $G $rho $R $alphaN $alphaT
http://opensees.berkeley.edu/wiki/index.php/Wide_Flange_Section,WFSection2d,section WFSection2d $secTag $matTag $d $tw $bf $tf $Nfw $Nff
http://opensees.berkeley.edu/wiki/index.php/YamamotoBiaxialHDR_Element,YamamotoBiaxialHDR,element YamamotoBiaxialHDR $eleTag $iNode $jNode $Tp $DDo $DDi $Hr <-coRS $cr $cs> <-orient <$x1 $x2 $x3> $y1 $y2 $y3> <-mass $m>
http://opensees.berkeley.edu/wiki/index.php/ZeroLengthContactNTS2D,zeroLengtContactNTS2Dh,element zeroLengtContactNTS2Dh $eleTag -sNdNum $sNdNum -mNdNum $mNdNum -Nodes $Nodes $Kn $kt $phi
http://opensees.berkeley.edu/wiki/index.php/ZeroLength_Element,zeroLength,element zeroLength $eleTag $iNode $jNode -mat $matTag1 $matTag2 ... -dir $dir1 $dir2 ...<-doRayleigh $rFlag> <-orient $x1 $x2 $x3 $yp1 $yp2 $yp3>
http://opensees.berkeley.edu/wiki/index.php/ZeroLengthContact_Element,zeroLengthContact2D,element zeroLengthContact2D $eleTag $sNode $mNode $Kn $Kt $mu -normal $Nx $Ny
http://opensees.berkeley.edu/wiki/index.php/ZeroLengthContact_Element,zeroLengthContact3D,element zeroLengthContact3D $eleTag $sNode $mNode $Kn $Kt $mu $c $dir
http://opensees.berkeley.edu/wiki/index.php/ZeroLengthImpact3D,zeroLengthImpact3D,element zeroLengthImpact3D $tag $slaveNode $masterNode $direction $initGap $frictionRatio $Kt $Kn $Kn2 $Delta_y $cohesion
http://opensees.berkeley.edu/wiki/index.php/ZeroLengthInterface2D,zeroLengthInterface2D,element zeroLengthInterface2D $eleTag -sNdNum $sNdNum -mNdNum $mNdNum –dof $sdof $mdof -Nodes $Nodes $Kn $Kt $phi
http://opensees.berkeley.edu/wiki/index.php/ZeroLengthND_Element,zeroLengthND,element zeroLengthND $eleTag $iNode $jNode $matTag <$uniTag> <-orient $x1 $x2 $x3 $yp1 $yp2 $yp3>
http://opensees.berkeley.edu/wiki/index.php/ZeroLengthSection_Element,zeroLengthSection,element zeroLengthSection $eleTag $iNode $jNode $secTag <-orient $x1 $x2 $x3 $yp1 $yp2 $yp3> <-doRayleigh $rFlag>
